{
  "name": "NES with A+B Button",
  "identifier": "com.custom.nes.ab.button",
  "gameTypeIdentifier": "com.rileytestut.delta.game.nes",
  "debug": false,
  "representations": {
    "iphone": {
      "standard": {
        "portrait": {
          "assets": {
            "resizable": "portrait.pdf"
          },
          "items": [
            {
              "inputs": {
                "up": "up",
                "down": "down",
                "left": "left",
                "right": "right"
              },
              "frame": {
                "x": 45,
                "y": 520,
                "width": 100,
                "height": 100
              },
              "extendedEdges": {
                "top": 10,
                "bottom": 10,
                "left": 10,
                "right": 10
              }
            },
            {
              "inputs": ["a"],
              "frame": {
                "x": 313,
                "y": 540,
                "width": 47,
                "height": 47
              },
              "extendedEdges": {
                "top": 5,
                "bottom": 5,
                "left": 5,
                "right": 5
              }
            },
            {
              "inputs": ["b"],
              "frame": {
                "x": 250,
                "y": 560,
                "width": 47,
                "height": 47
              },
              "extendedEdges": {
                "top": 5,
                "bottom": 5,
                "left": 5,
                "right": 5
              }
            },
            {
              "inputs": ["a", "b"],
              "frame": {
                "x": 280,
                "y": 485,
                "width": 52,
                "height": 52
              },
              "extendedEdges": {
                "top": 8,
                "bottom": 8,
                "left": 8,
                "right": 8
              }
            },
            {
              "inputs": ["select"],
              "frame": {
                "x": 135,
                "y": 650,
                "width": 35,
                "height": 22
              },
              "extendedEdges": {
                "top": 3,
                "bottom": 3,
                "left": 3,
                "right": 3
              }
            },
            {
              "inputs": ["start"],
              "frame": {
                "x": 190,
                "y": 650,
                "width": 35,
                "height": 22
              },
              "extendedEdges": {
                "top": 3,
                "bottom": 3,
                "left": 3,
                "right": 3
              }
            },
            {
              "inputs": ["menu"],
              "frame": {
                "x": 10,
                "y": 10,
                "width": 32,
                "height": 32
              },
              "extendedEdges": {
                "top": 5,
                "bottom": 5,
                "left": 5,
                "right": 5
              }
            }
          ],
          "mappingSize": {
            "width": 375,
            "height": 812
          },
          "extendedEdges": {
            "top": 7,
            "bottom": 7,
            "left": 7,
            "right": 7
          }
        },
        "landscape": {
          "assets": {
            "resizable": "landscape.pdf"
          },
          "items": [
            {
              "inputs": {
                "up": "up",
                "down": "down",
                "left": "left",
                "right": "right"
              },
              "frame": {
                "x": 65,
                "y": 110,
                "width": 120,
                "height": 120
              },
              "extendedEdges": {
                "top": 10,
                "bottom": 10,
                "left": 10,
                "right": 10
              }
            },
            {
              "inputs": ["a"],
              "frame": {
                "x": 675,
                "y": 140,
                "width": 55,
                "height": 55
              },
              "extendedEdges": {
                "top": 5,
                "bottom": 5,
                "left": 5,
                "right": 5
              }
            },
            {
              "inputs": ["b"],
              "frame": {
                "x": 600,
                "y": 165,
                "width": 55,
                "height": 55
              },
              "extendedEdges": {
                "top": 5,
                "bottom": 5,
                "left": 5,
                "right": 5
              }
            },
            {
              "inputs": ["a", "b"],
              "frame": {
                "x": 635,
                "y": 95,
                "width": 58,
                "height": 58
              },
              "extendedEdges": {
                "top": 8,
                "bottom": 8,
                "left": 8,
                "right": 8
              }
            },
            {
              "inputs": ["select"],
              "frame": {
                "x": 330,
                "y": 220,
                "width": 40,
                "height": 25
              },
              "extendedEdges": {
                "top": 3,
                "bottom": 3,
                "left": 3,
                "right": 3
              }
            },
            {
              "inputs": ["start"],
              "frame": {
                "x": 395,
                "y": 220,
                "width": 40,
                "height": 25
              },
              "extendedEdges": {
                "top": 3,
                "bottom": 3,
                "left": 3,
                "right": 3
              }
            },
            {
              "inputs": ["menu"],
              "frame": {
                "x": 10,
                "y": 10,
                "width": 35,
                "height": 35
              },
              "extendedEdges": {
                "top": 5,
                "bottom": 5,
                "left": 5,
                "right": 5
              }
            }
          ],
          "mappingSize": {
            "width": 812,
            "height": 375
          },
          "extendedEdges": {
            "top": 7,
            "bottom": 7,
            "left": 7,
            "right": 7
          }
        }
      },
      "edgeToEdge": {
        "portrait": {
          "assets": {
            "resizable": "portrait.pdf"
          },
          "items": [
            {
              "inputs": {
                "up": "up",
                "down": "down",
                "left": "left",
                "right": "right"
              },
              "frame": {
                "x": 45,
                "y": 580,
                "width": 105,
                "height": 105
              },
              "extendedEdges": {
                "top": 10,
                "bottom": 10,
                "left": 10,
                "right": 10
              }
            },
            {
              "inputs": ["a"],
              "frame": {
                "x": 313,
                "y": 600,
                "width": 50,
                "height": 50
              },
              "extendedEdges": {
                "top": 5,
                "bottom": 5,
                "left": 5,
                "right": 5
              }
            },
            {
              "inputs": ["b"],
              "frame": {
                "x": 248,
                "y": 622,
                "width": 50,
                "height": 50
              },
              "extendedEdges": {
                "top": 5,
                "bottom": 5,
                "left": 5,
                "right": 5
              }
            },
            {
              "inputs": ["a", "b"],
              "frame": {
                "x": 278,
                "y": 543,
                "width": 55,
                "height": 55
              },
              "extendedEdges": {
                "top": 8,
                "bottom": 8,
                "left": 8,
                "right": 8
              }
            },
            {
              "inputs": ["select"],
              "frame": {
                "x": 135,
                "y": 720,
                "width": 38,
                "height": 24
              },
              "extendedEdges": {
                "top": 3,
                "bottom": 3,
                "left": 3,
                "right": 3
              }
            },
            {
              "inputs": ["start"],
              "frame": {
                "x": 195,
                "y": 720,
                "width": 38,
                "height": 24
              },
              "extendedEdges": {
                "top": 3,
                "bottom": 3,
                "left": 3,
                "right": 3
              }
            },
            {
              "inputs": ["menu"],
              "frame": {
                "x": 10,
                "y": 50,
                "width": 35,
                "height": 35
              },
              "extendedEdges": {
                "top": 5,
                "bottom": 5,
                "left": 5,
                "right": 5
              }
            }
          ],
          "mappingSize": {
            "width": 375,
            "height": 812
          },
          "extendedEdges": {
            "top": 7,
            "bottom": 7,
            "left": 7,
            "right": 7
          }
        },
        "landscape": {
          "assets": {
            "resizable": "landscape.pdf"
          },
          "items": [
            {
              "inputs": {
                "up": "up",
                "down": "down",
                "left": "left",
                "right": "right"
              },
              "frame": {
                "x": 100,
                "y": 110,
                "width": 125,
                "height": 125
              },
              "extendedEdges": {
                "top": 10,
                "bottom": 10,
                "left": 10,
                "right": 10
              }
            },
            {
              "inputs": ["a"],
              "frame": {
                "x": 630,
                "y": 140,
                "width": 58,
                "height": 58
              },
              "extendedEdges": {
                "top": 5,
                "bottom": 5,
                "left": 5,
                "right": 5
              }
            },
            {
              "inputs": ["b"],
              "frame": {
                "x": 552,
                "y": 165,
                "width": 58,
                "height": 58
              },
              "extendedEdges": {
                "top": 5,
                "bottom": 5,
                "left": 5,
                "right": 5
              }
            },
            {
              "inputs": ["a", "b"],
              "frame": {
                "x": 588,
                "y": 92,
                "width": 60,
                "height": 60
              },
              "extendedEdges": {
                "top": 8,
                "bottom": 8,
                "left": 8,
                "right": 8
              }
            },
            {
              "inputs": ["select"],
              "frame": {
                "x": 345,
                "y": 220,
                "width": 42,
                "height": 26
              },
              "extendedEdges": {
                "top": 3,
                "bottom": 3,
                "left": 3,
                "right": 3
              }
            },
            {
              "inputs": ["start"],
              "frame": {
                "x": 412,
                "y": 220,
                "width": 42,
                "height": 26
              },
              "extendedEdges": {
                "top": 3,
                "bottom": 3,
                "left": 3,
                "right": 3
              }
            },
            {
              "inputs": ["menu"],
              "frame": {
                "x": 50,
                "y": 10,
                "width": 38,
                "height": 38
              },
              "extendedEdges": {
                "top": 5,
                "bottom": 5,
                "left": 5,
                "right": 5
              }
            }
          ],
          "mappingSize": {
            "width": 812,
            "height": 375
          },
          "extendedEdges": {
            "top": 7,
            "bottom": 7,
            "left": 7,
            "right": 7
          }
        }
      }
    }
  }
}
